<?xml version="1.0" encoding="UTF-8"?>
<project-private xmlns="http://www.netbeans.org/ns/project-private/1">
    <editor-bookmarks xmlns="http://www.netbeans.org/ns/editor-bookmarks/2" lastBookmarkId="0"/>
    <open-files xmlns="http://www.netbeans.org/ns/projectui-open-files/2">
        <group>
            <file>file:/C:/Users/jteja/OneDrive/Documents/NetBeansProjects/KinEX/web/Paquete.jsp</file>
            <file>file:/C:/Users/jteja/OneDrive/Documents/NetBeansProjects/KinEX/src/java/modelo/Paquete.java</file>
            <file>file:/C:/Users/jteja/OneDrive/Documents/NetBeansProjects/KinEX/src/java/modelo/Cliente.java</file>
            <file>file:/C:/Users/jteja/OneDrive/Documents/NetBeansProjects/KinEX/web/Cliente.jsp</file>
        </group>
    </open-files>
</project-private>
