<?xml version="1.0" encoding="UTF-8"?>
<project-private xmlns="http://www.netbeans.org/ns/project-private/1">
    <editor-bookmarks xmlns="http://www.netbeans.org/ns/editor-bookmarks/2" lastBookmarkId="0"/>
    <open-files xmlns="http://www.netbeans.org/ns/projectui-open-files/2">
        <group>
            <file>file:/C:/Users/joser/Documents/NetBeansProjects/KinEX/web/Principal.jsp</file>
            <file>file:/C:/Users/joser/Documents/NetBeansProjects/KinEX/web/Index.jsp</file>
            <file>file:/C:/Users/joser/Documents/NetBeansProjects/KinEX/src/java/config/Conexion.java</file>
            <file>file:/C:/Users/joser/Documents/NetBeansProjects/KinEX/web/Empresas.jsp</file>
            <file>file:/C:/Users/joser/Documents/NetBeansProjects/KinEX/web/TipoEmpleado.jsp</file>
        </group>
    </open-files>
</project-private>
